<?xml version="1.0" encoding="UTF-8"?>
<project-private xmlns="http://www.netbeans.org/ns/project-private/1">
    <editor-bookmarks xmlns="http://www.netbeans.org/ns/editor-bookmarks/2" lastBookmarkId="0"/>
    <open-files xmlns="http://www.netbeans.org/ns/projectui-open-files/2">
        <group>
            <file>file:/home/diles/Documents/java_projects/DEL/PBO/PBOS01/src/pbos01/LibraryBook.java</file>
            <file>file:/home/diles/Documents/java_projects/DEL/PBO/PBOS01/src/pbos01/PBOS01.java</file>
            <file>file:/home/diles/Documents/java_projects/DEL/PBO/PBOS01/src/pbos01/Library.java</file>
            <file>file:/home/diles/Documents/java_projects/DEL/PBO/PBOS01/src/pbos01/BookInterface.java</file>
            <file>file:/home/diles/Documents/java_projects/DEL/PBO/PBOS01/src/pbos01/Book.java</file>
            <file>file:/home/diles/Documents/java_projects/DEL/PBO/PBOS01/src/pbos01/LibraryBookInterface.java</file>
        </group>
    </open-files>
</project-private>
